record_id,n_rows,e2e_mean_ms,e2e_p95_ms,backend_mean_ms,backend_p95_ms,outbound_mean_ms,outbound_p95_ms,success_rate,trans_total_m,rot_total_rad
ALL_FIRST50,1700,63.61470148235294,146.19248035,56.25783454,137.64027135,6.119456601176471,7.3200901,1.0,15.25446528061232,53.370302636093506
